Code,Destination,Connect Cost,Included Seconds,Per Minute Cost,Initial Increment,Increment
1055116,Brasil Movel,0,4,0.99,30,6
1055117,Brasil Movel,0,4,0.99,30,6
1055118,Brasil Movel,0,4,0.99,30,6
1055119,Brasil Movel,0,4,0.99,30,6
1055126,Brasil Movel,0,4,0.99,30,6
1055127,Brasil Movel,0,4,0.99,30,6
1055128,Brasil Movel,0,4,0.99,30,6
1055129,Brasil Movel,0,4,0.99,30,6
1055136,Brasil Movel,0,4,0.99,30,6
1055137,Brasil Movel,0,4,0.99,30,6
1055138,Brasil Movel,0,4,0.99,30,6
1055139,Brasil Movel,0,4,0.99,30,6
1055146,Brasil Movel,0,4,0.99,30,6
1055147,Brasil Movel,0,4,0.99,30,6
1055148,Brasil Movel,0,4,0.99,30,6
1055149,Brasil Movel,0,4,0.99,30,6
1055156,Brasil Movel,0,4,0.99,30,6
1055157,Brasil Movel,0,4,0.99,30,6
1055158,Brasil Movel,0,4,0.99,30,6
1055159,Brasil Movel,0,4,0.99,30,6
1055166,Brasil Movel,0,4,0.99,30,6
1055167,Brasil Movel,0,4,0.99,30,6
1055168,Brasil Movel,0,4,0.99,30,6
1055169,Brasil Movel,0,4,0.99,30,6
1055176,Brasil Movel,0,4,0.99,30,6
1055177,Brasil Movel,0,4,0.99,30,6
1055178,Brasil Movel,0,4,0.99,30,6
1055179,Brasil Movel,0,4,0.99,30,6
1055186,Brasil Movel,0,4,0.99,30,6
1055187,Brasil Movel,0,4,0.99,30,6
1055188,Brasil Movel,0,4,0.99,30,6
1055189,Brasil Movel,0,4,0.99,30,6
1055196,Brasil Movel,0,4,0.99,30,6
1055197,Brasil Movel,0,4,0.99,30,6
1055198,Brasil Movel,0,4,0.99,30,6
1055199,Brasil Movel,0,4,0.99,30,6
1055206,Brasil Movel,0,4,0.99,30,6
1055207,Brasil Movel,0,4,0.99,30,6
1055208,Brasil Movel,0,4,0.99,30,6
1055209,Brasil Movel,0,4,0.99,30,6
1055216,Brasil Movel,0,4,0.99,30,6
1055217,Brasil Movel,0,4,0.99,30,6
1055218,Brasil Movel,0,4,0.99,30,6
1055219,Brasil Movel,0,4,0.99,30,6
1055226,Brasil Movel,0,4,0.99,30,6
1055227,Brasil Movel,0,4,0.99,30,6
1055228,Brasil Movel,0,4,0.99,30,6
1055229,Brasil Movel,0,4,0.99,30,6
1055236,Brasil Movel,0,4,0.99,30,6
1055237,Brasil Movel,0,4,0.99,30,6
1055238,Brasil Movel,0,4,0.99,30,6
1055239,Brasil Movel,0,4,0.99,30,6
1055246,Brasil Movel,0,4,0.99,30,6
1055247,Brasil Movel,0,4,0.99,30,6
1055248,Brasil Movel,0,4,0.99,30,6
1055249,Brasil Movel,0,4,0.99,30,6
1055256,Brasil Movel,0,4,0.99,30,6
1055257,Brasil Movel,0,4,0.99,30,6
1055258,Brasil Movel,0,4,0.99,30,6
1055259,Brasil Movel,0,4,0.99,30,6
1055266,Brasil Movel,0,4,0.99,30,6
1055267,Brasil Movel,0,4,0.99,30,6
1055268,Brasil Movel,0,4,0.99,30,6
1055269,Brasil Movel,0,4,0.99,30,6
1055276,Brasil Movel,0,4,0.99,30,6
1055277,Brasil Movel,0,4,0.99,30,6
1055278,Brasil Movel,0,4,0.99,30,6
1055279,Brasil Movel,0,4,0.99,30,6
1055286,Brasil Movel,0,4,0.99,30,6
1055287,Brasil Movel,0,4,0.99,30,6
1055288,Brasil Movel,0,4,0.99,30,6
1055289,Brasil Movel,0,4,0.99,30,6
1055296,Brasil Movel,0,4,0.99,30,6
1055297,Brasil Movel,0,4,0.99,30,6
1055298,Brasil Movel,0,4,0.99,30,6
1055299,Brasil Movel,0,4,0.99,30,6
1055306,Brasil Movel,0,4,0.99,30,6
1055307,Brasil Movel,0,4,0.99,30,6
1055308,Brasil Movel,0,4,0.99,30,6
1055309,Brasil Movel,0,4,0.99,30,6
1055316,Brasil Movel,0,4,0.99,30,6
1055317,Brasil Movel,0,4,0.99,30,6
1055318,Brasil Movel,0,4,0.99,30,6
1055319,Brasil Movel,0,4,0.99,30,6
1055326,Brasil Movel,0,4,0.99,30,6
1055327,Brasil Movel,0,4,0.99,30,6
1055328,Brasil Movel,0,4,0.99,30,6
1055329,Brasil Movel,0,4,0.99,30,6
1055336,Brasil Movel,0,4,0.99,30,6
1055337,Brasil Movel,0,4,0.99,30,6
1055338,Brasil Movel,0,4,0.99,30,6
1055339,Brasil Movel,0,4,0.99,30,6
1055346,Brasil Movel,0,4,0.99,30,6
1055347,Brasil Movel,0,4,0.99,30,6
1055348,Brasil Movel,0,4,0.99,30,6
1055349,Brasil Movel,0,4,0.99,30,6
1055356,Brasil Movel,0,4,0.99,30,6
1055357,Brasil Movel,0,4,0.99,30,6
1055358,Brasil Movel,0,4,0.99,30,6
1055359,Brasil Movel,0,4,0.99,30,6
1055366,Brasil Movel,0,4,0.99,30,6
1055367,Brasil Movel,0,4,0.99,30,6
1055368,Brasil Movel,0,4,0.99,30,6
1055369,Brasil Movel,0,4,0.99,30,6
1055376,Brasil Movel,0,4,0.99,30,6
1055377,Brasil Movel,0,4,0.99,30,6
1055378,Brasil Movel,0,4,0.99,30,6
1055379,Brasil Movel,0,4,0.99,30,6
1055386,Brasil Movel,0,4,0.99,30,6
1055387,Brasil Movel,0,4,0.99,30,6
1055388,Brasil Movel,0,4,0.99,30,6
1055389,Brasil Movel,0,4,0.99,30,6
1055396,Brasil Movel,0,4,0.99,30,6
1055397,Brasil Movel,0,4,0.99,30,6
1055398,Brasil Movel,0,4,0.99,30,6
1055399,Brasil Movel,0,4,0.99,30,6
1055406,Brasil Movel,0,4,0.99,30,6
1055407,Brasil Movel,0,4,0.99,30,6
1055408,Brasil Movel,0,4,0.99,30,6
1055409,Brasil Movel,0,4,0.99,30,6
1055416,Brasil Movel,0,4,0.99,30,6
1055417,Brasil Movel,0,4,0.99,30,6
1055418,Brasil Movel,0,4,0.99,30,6
1055419,Brasil Movel,0,4,0.99,30,6
1055426,Brasil Movel,0,4,0.99,30,6
1055427,Brasil Movel,0,4,0.99,30,6
1055428,Brasil Movel,0,4,0.99,30,6
1055429,Brasil Movel,0,4,0.99,30,6
1055436,Brasil Movel,0,4,0.99,30,6
1055437,Brasil Movel,0,4,0.99,30,6
1055438,Brasil Movel,0,4,0.99,30,6
1055439,Brasil Movel,0,4,0.99,30,6
1055446,Brasil Movel,0,4,0.99,30,6
1055447,Brasil Movel,0,4,0.99,30,6
1055448,Brasil Movel,0,4,0.99,30,6
1055449,Brasil Movel,0,4,0.99,30,6
1055456,Brasil Movel,0,4,0.99,30,6
1055457,Brasil Movel,0,4,0.99,30,6
1055458,Brasil Movel,0,4,0.99,30,6
1055459,Brasil Movel,0,4,0.99,30,6
1055466,Brasil Movel,0,4,0.99,30,6
1055467,Brasil Movel,0,4,0.99,30,6
1055468,Brasil Movel,0,4,0.99,30,6
1055469,Brasil Movel,0,4,0.99,30,6
1055476,Brasil Movel,0,4,0.99,30,6
1055477,Brasil Movel,0,4,0.99,30,6
1055478,Brasil Movel,0,4,0.99,30,6
1055479,Brasil Movel,0,4,0.99,30,6
1055486,Brasil Movel,0,4,0.99,30,6
1055487,Brasil Movel,0,4,0.99,30,6
1055488,Brasil Movel,0,4,0.99,30,6
1055489,Brasil Movel,0,4,0.99,30,6
1055496,Brasil Movel,0,4,0.99,30,6
1055497,Brasil Movel,0,4,0.99,30,6
1055498,Brasil Movel,0,4,0.99,30,6
1055499,Brasil Movel,0,4,0.99,30,6
1055506,Brasil Movel,0,4,0.99,30,6
1055507,Brasil Movel,0,4,0.99,30,6
1055508,Brasil Movel,0,4,0.99,30,6
1055509,Brasil Movel,0,4,0.99,30,6
1055516,Brasil Movel,0,4,0.99,30,6
1055517,Brasil Movel,0,4,0.99,30,6
1055518,Brasil Movel,0,4,0.99,30,6
1055519,Brasil Movel,0,4,0.99,30,6
1055526,Brasil Movel,0,4,0.99,30,6
1055527,Brasil Movel,0,4,0.99,30,6
1055528,Brasil Movel,0,4,0.99,30,6
1055529,Brasil Movel,0,4,0.99,30,6
1055536,Brasil Movel,0,4,0.99,30,6
1055537,Brasil Movel,0,4,0.99,30,6
1055538,Brasil Movel,0,4,0.99,30,6
1055539,Brasil Movel,0,4,0.99,30,6
1055546,Brasil Movel,0,4,0.99,30,6
1055547,Brasil Movel,0,4,0.99,30,6
1055548,Brasil Movel,0,4,0.99,30,6
1055549,Brasil Movel,0,4,0.99,30,6
1055556,Brasil Movel,0,4,0.99,30,6
1055557,Brasil Movel,0,4,0.99,30,6
1055558,Brasil Movel,0,4,0.99,30,6
1055559,Brasil Movel,0,4,0.99,30,6
1055566,Brasil Movel,0,4,0.99,30,6
1055567,Brasil Movel,0,4,0.99,30,6
1055568,Brasil Movel,0,4,0.99,30,6
1055569,Brasil Movel,0,4,0.99,30,6
1055576,Brasil Movel,0,4,0.99,30,6
1055577,Brasil Movel,0,4,0.99,30,6
1055578,Brasil Movel,0,4,0.99,30,6
1055579,Brasil Movel,0,4,0.99,30,6
1055586,Brasil Movel,0,4,0.99,30,6
1055587,Brasil Movel,0,4,0.99,30,6
1055588,Brasil Movel,0,4,0.99,30,6
1055589,Brasil Movel,0,4,0.99,30,6
1055596,Brasil Movel,0,4,0.99,30,6
1055597,Brasil Movel,0,4,0.99,30,6
1055598,Brasil Movel,0,4,0.99,30,6
1055599,Brasil Movel,0,4,0.99,30,6
1055606,Brasil Movel,0,4,0.99,30,6
1055607,Brasil Movel,0,4,0.99,30,6
1055608,Brasil Movel,0,4,0.99,30,6
1055609,Brasil Movel,0,4,0.99,30,6
1055616,Brasil Movel,0,4,0.99,30,6
1055617,Brasil Movel,0,4,0.99,30,6
1055618,Brasil Movel,0,4,0.99,30,6
1055619,Brasil Movel,0,4,0.99,30,6
1055626,Brasil Movel,0,4,0.99,30,6
1055627,Brasil Movel,0,4,0.99,30,6
1055628,Brasil Movel,0,4,0.99,30,6
1055629,Brasil Movel,0,4,0.99,30,6
1055636,Brasil Movel,0,4,0.99,30,6
1055637,Brasil Movel,0,4,0.99,30,6
1055638,Brasil Movel,0,4,0.99,30,6
1055639,Brasil Movel,0,4,0.99,30,6
1055646,Brasil Movel,0,4,0.99,30,6
1055647,Brasil Movel,0,4,0.99,30,6
1055648,Brasil Movel,0,4,0.99,30,6
1055649,Brasil Movel,0,4,0.99,30,6
1055656,Brasil Movel,0,4,0.99,30,6
1055657,Brasil Movel,0,4,0.99,30,6
1055658,Brasil Movel,0,4,0.99,30,6
1055659,Brasil Movel,0,4,0.99,30,6
1055666,Brasil Movel,0,4,0.99,30,6
1055667,Brasil Movel,0,4,0.99,30,6
1055668,Brasil Movel,0,4,0.99,30,6
1055669,Brasil Movel,0,4,0.99,30,6
1055676,Brasil Movel,0,4,0.99,30,6
1055677,Brasil Movel,0,4,0.99,30,6
1055678,Brasil Movel,0,4,0.99,30,6
1055679,Brasil Movel,0,4,0.99,30,6
1055686,Brasil Movel,0,4,0.99,30,6
1055687,Brasil Movel,0,4,0.99,30,6
1055688,Brasil Movel,0,4,0.99,30,6
1055689,Brasil Movel,0,4,0.99,30,6
1055696,Brasil Movel,0,4,0.99,30,6
1055697,Brasil Movel,0,4,0.99,30,6
1055698,Brasil Movel,0,4,0.99,30,6
1055699,Brasil Movel,0,4,0.99,30,6
1055706,Brasil Movel,0,4,0.99,30,6
1055707,Brasil Movel,0,4,0.99,30,6
1055708,Brasil Movel,0,4,0.99,30,6
1055709,Brasil Movel,0,4,0.99,30,6
1055716,Brasil Movel,0,4,0.99,30,6
1055717,Brasil Movel,0,4,0.99,30,6
1055718,Brasil Movel,0,4,0.99,30,6
1055719,Brasil Movel,0,4,0.99,30,6
1055726,Brasil Movel,0,4,0.99,30,6
1055727,Brasil Movel,0,4,0.99,30,6
1055728,Brasil Movel,0,4,0.99,30,6
1055729,Brasil Movel,0,4,0.99,30,6
1055736,Brasil Movel,0,4,0.99,30,6
1055737,Brasil Movel,0,4,0.99,30,6
1055738,Brasil Movel,0,4,0.99,30,6
1055739,Brasil Movel,0,4,0.99,30,6
1055746,Brasil Movel,0,4,0.99,30,6
1055747,Brasil Movel,0,4,0.99,30,6
1055748,Brasil Movel,0,4,0.99,30,6
1055749,Brasil Movel,0,4,0.99,30,6
1055756,Brasil Movel,0,4,0.99,30,6
1055757,Brasil Movel,0,4,0.99,30,6
1055758,Brasil Movel,0,4,0.99,30,6
1055759,Brasil Movel,0,4,0.99,30,6
1055766,Brasil Movel,0,4,0.99,30,6
1055767,Brasil Movel,0,4,0.99,30,6
1055768,Brasil Movel,0,4,0.99,30,6
1055769,Brasil Movel,0,4,0.99,30,6
1055776,Brasil Movel,0,4,0.99,30,6
1055777,Brasil Movel,0,4,0.99,30,6
1055778,Brasil Movel,0,4,0.99,30,6
1055779,Brasil Movel,0,4,0.99,30,6
1055786,Brasil Movel,0,4,0.99,30,6
1055787,Brasil Movel,0,4,0.99,30,6
1055788,Brasil Movel,0,4,0.99,30,6
1055789,Brasil Movel,0,4,0.99,30,6
1055796,Brasil Movel,0,4,0.99,30,6
1055797,Brasil Movel,0,4,0.99,30,6
1055798,Brasil Movel,0,4,0.99,30,6
1055799,Brasil Movel,0,4,0.99,30,6
1055806,Brasil Movel,0,4,0.99,30,6
1055807,Brasil Movel,0,4,0.99,30,6
1055808,Brasil Movel,0,4,0.99,30,6
1055809,Brasil Movel,0,4,0.99,30,6
1055816,Brasil Movel,0,4,0.99,30,6
1055817,Brasil Movel,0,4,0.99,30,6
1055818,Brasil Movel,0,4,0.99,30,6
1055819,Brasil Movel,0,4,0.99,30,6
1055826,Brasil Movel,0,4,0.99,30,6
1055827,Brasil Movel,0,4,0.99,30,6
1055828,Brasil Movel,0,4,0.99,30,6
1055829,Brasil Movel,0,4,0.99,30,6
1055836,Brasil Movel,0,4,0.99,30,6
1055837,Brasil Movel,0,4,0.99,30,6
1055838,Brasil Movel,0,4,0.99,30,6
1055839,Brasil Movel,0,4,0.99,30,6
1055846,Brasil Movel,0,4,0.99,30,6
1055847,Brasil Movel,0,4,0.99,30,6
1055848,Brasil Movel,0,4,0.99,30,6
1055849,Brasil Movel,0,4,0.99,30,6
1055856,Brasil Movel,0,4,0.99,30,6
1055857,Brasil Movel,0,4,0.99,30,6
1055858,Brasil Movel,0,4,0.99,30,6
1055859,Brasil Movel,0,4,0.99,30,6
1055866,Brasil Movel,0,4,0.99,30,6
1055867,Brasil Movel,0,4,0.99,30,6
1055868,Brasil Movel,0,4,0.99,30,6
1055869,Brasil Movel,0,4,0.99,30,6
1055876,Brasil Movel,0,4,0.99,30,6
1055877,Brasil Movel,0,4,0.99,30,6
1055878,Brasil Movel,0,4,0.99,30,6
1055879,Brasil Movel,0,4,0.99,30,6
1055886,Brasil Movel,0,4,0.99,30,6
1055887,Brasil Movel,0,4,0.99,30,6
1055888,Brasil Movel,0,4,0.99,30,6
1055889,Brasil Movel,0,4,0.99,30,6
1055896,Brasil Movel,0,4,0.99,30,6
1055897,Brasil Movel,0,4,0.99,30,6
1055898,Brasil Movel,0,4,0.99,30,6
1055899,Brasil Movel,0,4,0.99,30,6
1055906,Brasil Movel,0,4,0.99,30,6
1055907,Brasil Movel,0,4,0.99,30,6
1055908,Brasil Movel,0,4,0.99,30,6
1055909,Brasil Movel,0,4,0.99,30,6
1055916,Brasil Movel,0,4,0.99,30,6
1055917,Brasil Movel,0,4,0.99,30,6
1055918,Brasil Movel,0,4,0.99,30,6
1055919,Brasil Movel,0,4,0.99,30,6
1055926,Brasil Movel,0,4,0.99,30,6
1055927,Brasil Movel,0,4,0.99,30,6
1055928,Brasil Movel,0,4,0.99,30,6
1055929,Brasil Movel,0,4,0.99,30,6
1055936,Brasil Movel,0,4,0.99,30,6
1055937,Brasil Movel,0,4,0.99,30,6
1055938,Brasil Movel,0,4,0.99,30,6
1055939,Brasil Movel,0,4,0.99,30,6
1055946,Brasil Movel,0,4,0.99,30,6
1055947,Brasil Movel,0,4,0.99,30,6
1055948,Brasil Movel,0,4,0.99,30,6
1055949,Brasil Movel,0,4,0.99,30,6
1055956,Brasil Movel,0,4,0.99,30,6
1055957,Brasil Movel,0,4,0.99,30,6
1055958,Brasil Movel,0,4,0.99,30,6
1055959,Brasil Movel,0,4,0.99,30,6
1055966,Brasil Movel,0,4,0.99,30,6
1055967,Brasil Movel,0,4,0.99,30,6
1055968,Brasil Movel,0,4,0.99,30,6
1055969,Brasil Movel,0,4,0.99,30,6
1055976,Brasil Movel,0,4,0.99,30,6
1055977,Brasil Movel,0,4,0.99,30,6
1055978,Brasil Movel,0,4,0.99,30,6
1055979,Brasil Movel,0,4,0.99,30,6
1055986,Brasil Movel,0,4,0.99,30,6
1055987,Brasil Movel,0,4,0.99,30,6
1055988,Brasil Movel,0,4,0.99,30,6
1055989,Brasil Movel,0,4,0.99,30,6
1055996,Brasil Movel,0,4,0.99,30,6
1055997,Brasil Movel,0,4,0.99,30,6
1055998,Brasil Movel,0,4,0.99,30,6
1055999,Brasil Movel,0,4,0.99,30,6
1055,Longa Distancia Nacional - Fixo,0,4,0.69,30,6
105511,Area Metropolitana da Grande Sao Paulo - Fixo,0,4,0.68,30,6
1055112118,Longa Distancia Nacional - Fixo,0,4,0.69,30,6
1055112119,Longa Distancia Nacional - Fixo,0,4,0.69,30,6
1055112136,Longa Distancia Nacional - Fixo,0,4,0.69,30,6
1055112152,Longa Distancia Nacional - Fixo,0,4,0.69,30,6
1055112267,Longa Distancia Nacional - Fixo,0,4,0.69,30,6
1055112298,Longa Distancia Nacional - Fixo,0,4,0.69,30,6
1055112299,Longa Distancia Nacional - Fixo,0,4,0.69,30,6
1055112328,Longa Distancia Nacional - Fixo,0,4,0.69,30,6
1055112390,Longa Distancia Nacional - Fixo,0,4,0.69,30,6
1055112396,Longa Distancia Nacional - Fixo,0,4,0.69,30,6
1055112397,Longa Distancia Nacional - Fixo,0,4,0.69,30,6
1055112398,Longa Distancia Nacional - Fixo,0,4,0.69,30,6
1055112399,Longa Distancia Nacional - Fixo,0,4,0.69,30,6
1055112410,Longa Distancia Nacional - Fixo,0,4,0.69,30,6
1055112415,Longa Distancia Nacional - Fixo,0,4,0.69,30,6
1055112416,Longa Distancia Nacional - Fixo,0,4,0.69,30,6
1055112417,Longa Distancia Nacional - Fixo,0,4,0.69,30,6
1055112418,Longa Distancia Nacional - Fixo,0,4,0.69,30,6
1055112419,Longa Distancia Nacional - Fixo,0,4,0.69,30,6
1055112420,Longa Distancia Nacional - Fixo,0,4,0.69,30,6
1055112426,Longa Distancia Nacional - Fixo,0,4,0.69,30,6
1055112427,Longa Distancia Nacional - Fixo,0,4,0.69,30,6
1055112428,Longa Distancia Nacional - Fixo,0,4,0.69,30,6
1055112429,Longa Distancia Nacional - Fixo,0,4,0.69,30,6
1055112430,Longa Distancia Nacional - Fixo,0,4,0.69,30,6
1055112434,Longa Distancia Nacional - Fixo,0,4,0.69,30,6
1055112435,Longa Distancia Nacional - Fixo,0,4,0.69,30,6
1055112448,Longa Distancia Nacional - Fixo,0,4,0.69,30,6
1055112449,Longa Distancia Nacional - Fixo,0,4,0.69,30,6
1055112454,Longa Distancia Nacional - Fixo,0,4,0.69,30,6
1055112473,Longa Distancia Nacional - Fixo,0,4,0.69,30,6
1055112474,Longa Distancia Nacional - Fixo,0,4,0.69,30,6
1055112490,Longa Distancia Nacional - Fixo,0,4,0.69,30,6
1055112491,Longa Distancia Nacional - Fixo,0,4,0.69,30,6
1055112493,Longa Distancia Nacional - Fixo,0,4,0.69,30,6
1055112494,Longa Distancia Nacional - Fixo,0,4,0.69,30,6
1055112510,Longa Distancia Nacional - Fixo,0,4,0.69,30,6
1055112517,Longa Distancia Nacional - Fixo,0,4,0.69,30,6
1055112519,Longa Distancia Nacional - Fixo,0,4,0.69,30,6
1055112520,Longa Distancia Nacional - Fixo,0,4,0.69,30,6
1055112530,Longa Distancia Nacional - Fixo,0,4,0.69,30,6
1055112531,Longa Distancia Nacional - Fixo,0,4,0.69,30,6
1055112550,Longa Distancia Nacional - Fixo,0,4,0.69,30,6
1055112570,Longa Distancia Nacional - Fixo,0,4,0.69,30,6
1055112580,Longa Distancia Nacional - Fixo,0,4,0.69,30,6
1055112616,Longa Distancia Nacional - Fixo,0,4,0.69,30,6
1055112617,Longa Distancia Nacional - Fixo,0,4,0.69,30,6
1055112708,Longa Distancia Nacional - Fixo,0,4,0.69,30,6
1055112709,Longa Distancia Nacional - Fixo,0,4,0.69,30,6
1055112715,Longa Distancia Nacional - Fixo,0,4,0.69,30,6
1055112716,Longa Distancia Nacional - Fixo,0,4,0.69,30,6
1055112750,Longa Distancia Nacional - Fixo,0,4,0.69,30,6
1055112780,Longa Distancia Nacional - Fixo,0,4,0.69,30,6
1055112811,Longa Distancia Nacional - Fixo,0,4,0.69,30,6
1055112816,Longa Distancia Nacional - Fixo,0,4,0.69,30,6
1055112817,Longa Distancia Nacional - Fixo,0,4,0.69,30,6
1055112840,Longa Distancia Nacional - Fixo,0,4,0.69,30,6
1055112850,Longa Distancia Nacional - Fixo,0,4,0.69,30,6
1055112881,Longa Distancia Nacional - Fixo,0,4,0.69,30,6
1055112882,Longa Distancia Nacional - Fixo,0,4,0.69,30,6
1055112923,Longa Distancia Nacional - Fixo,0,4,0.69,30,6
1055113000,Longa Distancia Nacional - Fixo,0,4,0.69,30,6
1055113001,Longa Distancia Nacional - Fixo,0,4,0.69,30,6
1055113002,Longa Distancia Nacional - Fixo,0,4,0.69,30,6
1055113109,Longa Distancia Nacional - Fixo,0,4,0.69,30,6
1055113128,Longa Distancia Nacional - Fixo,0,4,0.69,30,6
1055113182,Longa Distancia Nacional - Fixo,0,4,0.69,30,6
1055113220,Longa Distancia Nacional - Fixo,0,4,0.69,30,6
1055113308,Longa Distancia Nacional - Fixo,0,4,0.69,30,6
1055113309,Longa Distancia Nacional - Fixo,0,4,0.69,30,6
1055113317,Longa Distancia Nacional - Fixo,0,4,0.69,30,6
1055113378,Longa Distancia Nacional - Fixo,0,4,0.69,30,6
1055113379,Longa Distancia Nacional - Fixo,0,4,0.69,30,6
1055113395,Longa Distancia Nacional - Fixo,0,4,0.69,30,6
1055113401,Longa Distancia Nacional - Fixo,0,4,0.69,30,6
1055113402,Longa Distancia Nacional - Fixo,0,4,0.69,30,6
1055113403,Longa Distancia Nacional - Fixo,0,4,0.69,30,6
1055113404,Longa Distancia Nacional - Fixo,0,4,0.69,30,6
1055113407,Longa Distancia Nacional - Fixo,0,4,0.69,30,6
1055113408,Longa Distancia Nacional - Fixo,0,4,0.69,30,6
1055113413,Longa Distancia Nacional - Fixo,0,4,0.69,30,6
1055113414,Longa Distancia Nacional - Fixo,0,4,0.69,30,6
1055113417,Longa Distancia Nacional - Fixo,0,4,0.69,30,6
1055113446,Longa Distancia Nacional - Fixo,0,4,0.69,30,6
1055113517,Longa Distancia Nacional - Fixo,0,4,0.69,30,6
1055113963,Longa Distancia Nacional - Fixo,0,4,0.69,30,6
1055113964,Longa Distancia Nacional - Fixo,0,4,0.69,30,6
105511401,Longa Distancia Nacional - Fixo,0,4,0.69,30,6
1055114010,Area Metropolitana da Grande Sao Paulo - Fixo,0,4,0.68,30,6
105511402,Longa Distancia Nacional - Fixo,0,4,0.69,30,6
1055114020,Area Metropolitana da Grande Sao Paulo - Fixo,0,4,0.68,30,6
105511403,Longa Distancia Nacional - Fixo,0,4,0.69,30,6
1055114041,Longa Distancia Nacional - Fixo,0,4,0.69,30,6
1055114042,Longa Distancia Nacional - Fixo,0,4,0.69,30,6
1055114045,Longa Distancia Nacional - Fixo,0,4,0.69,30,6
1055114046,Longa Distancia Nacional - Fixo,0,4,0.69,30,6
1055114065,Longa Distancia Nacional - Fixo,0,4,0.69,30,6
1055114068,Longa Distancia Nacional - Fixo,0,4,0.69,30,6
1055114073,Longa Distancia Nacional - Fixo,0,4,0.69,30,6
1055114074,Longa Distancia Nacional - Fixo,0,4,0.69,30,6
1055114086,Longa Distancia Nacional - Fixo,0,4,0.69,30,6
1055114087,Longa Distancia Nacional - Fixo,0,4,0.69,30,6
1055114088,Longa Distancia Nacional - Fixo,0,4,0.69,30,6
1055114089,Longa Distancia Nacional - Fixo,0,4,0.69,30,6
1055114098,Longa Distancia Nacional - Fixo,0,4,0.69,30,6
1055114136,Longa Distancia Nacional - Fixo,0,4,0.69,30,6
1055114140,Longa Distancia Nacional - Fixo,0,4,0.69,30,6
1055114204,Longa Distancia Nacional - Fixo,0,4,0.69,30,6
1055114216,Longa Distancia Nacional - Fixo,0,4,0.69,30,6
1055114217,Longa Distancia Nacional - Fixo,0,4,0.69,30,6
1055114246,Longa Distancia Nacional - Fixo,0,4,0.69,30,6
1055114288,Longa Distancia Nacional - Fixo,0,4,0.69,30,6
1055114289,Longa Distancia Nacional - Fixo,0,4,0.69,30,6
1055114290,Longa Distancia Nacional - Fixo,0,4,0.69,30,6
1055114291,Longa Distancia Nacional - Fixo,0,4,0.69,30,6
10551143409,Longa Distancia Nacional - Fixo,0,4,0.69,30,6
1055114402,Longa Distancia Nacional - Fixo,0,4,0.69,30,6
1055114403,Longa Distancia Nacional - Fixo,0,4,0.69,30,6
1055114404,Longa Distancia Nacional - Fixo,0,4,0.69,30,6
1055114405,Longa Distancia Nacional - Fixo,0,4,0.69,30,6
1055114406,Longa Distancia Nacional - Fixo,0,4,0.69,30,6
105511441,Longa Distancia Nacional - Fixo,0,4,0.69,30,6
1055114419,Area Metropolitana da Grande Sao Paulo - Fixo,0,4,0.68,30,6
1055114430,Longa Distancia Nacional - Fixo,0,4,0.69,30,6
1055114431,Longa Distancia Nacional - Fixo,0,4,0.69,30,6
1055114456,Longa Distancia Nacional - Fixo,0,4,0.69,30,6
1055114480,Longa Distancia Nacional - Fixo,0,4,0.69,30,6
1055114481,Longa Distancia Nacional - Fixo,0,4,0.69,30,6
1055114487,Longa Distancia Nacional - Fixo,0,4,0.69,30,6
105511449,Longa Distancia Nacional - Fixo,0,4,0.69,30,6
1055114498,Area Metropolitana da Grande Sao Paulo - Fixo,0,4,0.68,30,6
105511452,Longa Distancia Nacional - Fixo,0,4,0.69,30,6
105511453,Longa Distancia Nacional - Fixo,0,4,0.69,30,6
1055114570,Longa Distancia Nacional - Fixo,0,4,0.69,30,6
1055114579,Longa Distancia Nacional - Fixo,0,4,0.69,30,6
105511458,Longa Distancia Nacional - Fixo,0,4,0.69,30,6
105511459,Longa Distancia Nacional - Fixo,0,4,0.69,30,6
1055114601,Longa Distancia Nacional - Fixo,0,4,0.69,30,6
1055114602,Longa Distancia Nacional - Fixo,0,4,0.69,30,6
1055114603,Longa Distancia Nacional - Fixo,0,4,0.69,30,6
1055114606,Longa Distancia Nacional - Fixo,0,4,0.69,30,6
1055114607,Longa Distancia Nacional - Fixo,0,4,0.69,30,6
1055114630,Longa Distancia Nacional - Fixo,0,4,0.69,30,6
1055114631,Longa Distancia Nacional - Fixo,0,4,0.69,30,6
1055114632,Longa Distancia Nacional - Fixo,0,4,0.69,30,6
1055114633,Longa Distancia Nacional - Fixo,0,4,0.69,30,6
1055114659,Longa Distancia Nacional - Fixo,0,4,0.69,30,6
1055114660,Longa Distancia Nacional - Fixo,0,4,0.69,30,6
1055114670,Longa Distancia Nacional - Fixo,0,4,0.69,30,6
1055114671,Longa Distancia Nacional - Fixo,0,4,0.69,30,6
1055114672,Longa Distancia Nacional - Fixo,0,4,0.69,30,6
1055114673,Longa Distancia Nacional - Fixo,0,4,0.69,30,6
1055114684,Longa Distancia Nacional - Fixo,0,4,0.69,30,6
1055114685,Longa Distancia Nacional - Fixo,0,4,0.69,30,6
1055114686,Longa Distancia Nacional - Fixo,0,4,0.69,30,6
1055114687,Longa Distancia Nacional - Fixo,0,4,0.69,30,6
1055114708,Longa Distancia Nacional - Fixo,0,4,0.69,30,6
1055114709,Longa Distancia Nacional - Fixo,0,4,0.69,30,6
105511471,Longa Distancia Nacional - Fixo,0,4,0.69,30,6
1055114720,Longa Distancia Nacional - Fixo,0,4,0.69,30,6
1055114740,Longa Distancia Nacional - Fixo,0,4,0.69,30,6
1055114784,Longa Distancia Nacional - Fixo,0,4,0.69,30,6
1055114805,Longa Distancia Nacional - Fixo,0,4,0.69,30,6
1055114806,Longa Distancia Nacional - Fixo,0,4,0.69,30,6
1055114807,Longa Distancia Nacional - Fixo,0,4,0.69,30,6
1055114808,Longa Distancia Nacional - Fixo,0,4,0.69,30,6
1055114809,Longa Distancia Nacional - Fixo,0,4,0.69,30,6
1055114810,Longa Distancia Nacional - Fixo,0,4,0.69,30,6
1055114812,Longa Distancia Nacional - Fixo,0,4,0.69,30,6
1055114813,Longa Distancia Nacional - Fixo,0,4,0.69,30,6
1055114814,Longa Distancia Nacional - Fixo,0,4,0.69,30,6
1055114815,Longa Distancia Nacional - Fixo,0,4,0.69,30,6
1055114816,Longa Distancia Nacional - Fixo,0,4,0.69,30,6
1055114817,Longa Distancia Nacional - Fixo,0,4,0.69,30,6
1055114818,Longa Distancia Nacional - Fixo,0,4,0.69,30,6
1055114834,Longa Distancia Nacional - Fixo,0,4,0.69,30,6
1055114835,Longa Distancia Nacional - Fixo,0,4,0.69,30,6
1055114836,Longa Distancia Nacional - Fixo,0,4,0.69,30,6
1055114850,Longa Distancia Nacional - Fixo,0,4,0.69,30,6
1055114881,Longa Distancia Nacional - Fixo,0,4,0.69,30,6
1055114885,Longa Distancia Nacional - Fixo,0,4,0.69,30,6
1055114886,Longa Distancia Nacional - Fixo,0,4,0.69,30,6
1055114887,Longa Distancia Nacional - Fixo,0,4,0.69,30,6
1055114888,Longa Distancia Nacional - Fixo,0,4,0.69,30,6
1055114891,Longa Distancia Nacional - Fixo,0,4,0.69,30,6
1055114892,Longa Distancia Nacional - Fixo,0,4,0.69,30,6
1055114893,Longa Distancia Nacional - Fixo,0,4,0.69,30,6
1055114894,Longa Distancia Nacional - Fixo,0,4,0.69,30,6
1055114895,Longa Distancia Nacional - Fixo,0,4,0.69,30,6
1055114896,Longa Distancia Nacional - Fixo,0,4,0.69,30,6
1055114897,Longa Distancia Nacional - Fixo,0,4,0.69,30,6
1055114956,Longa Distancia Nacional - Fixo,0,4,0.69,30,6
1055114961,Longa Distancia Nacional - Fixo,0,4,0.69,30,6
1055114985,Longa Distancia Nacional - Fixo,0,4,0.69,30,6
1055114986,Longa Distancia Nacional - Fixo,0,4,0.69,30,6
1055114987,Longa Distancia Nacional - Fixo,0,4,0.69,30,6
